{
  "cams": [
    [
      1237.0,
      1250.0
    ],
    [
      1270.3333333333333,
      1256.3333333333335
    ],
    [
      1277.6666666666665,
      1260.6666666666665
    ],
    [
      1311.0,
      1294.0
    ],
    [
      1311.3333333333335,
      1317.6666666666665
    ]
  ],
  "max_sum_mst - breakdowns": [
    [
      1237.0,
      1250.0
    ],
    [
      1270.3333333333333,
      1253.3333333333335
    ],
    [
      1278.6666666666665,
      1254.6666666666665
    ],
    [
      1275.0,
      1260.0
    ],
    [
      1245.3333333333335,
      1326.6666666666665
    ]
  ],
  "max_sum_mst": [
    [
      1237.0,
      1250.0
    ],
    [
      1235.3333333333333,
      1243.3333333333335
    ],
    [
      1268.6666666666665,
      1216.6666666666665
    ],
    [
      1280.0,
      1220.0
    ],
    [
      1257.3333333333335,
      1286.6666666666665
    ]
  ],
  "dssa": [
    [
      1304.0,
      1313.0
    ],
    [
      1358.3333333333335,
      1255.3333333333335
    ],
    [
      1265.6666666666665,
      1372.6666666666665
    ],
    [
      1425.0,
      1402.0
    ],
    [
      1374.3333333333335,
      1523.6666666666665
    ]
  ],
  "ca_select_pos": [
    [
      1237.0,
      1250.0
    ],
    [
      1270.3333333333333,
      1243.3333333333335
    ],
    [
      1231.6666666666665,
      1248.6666666666665
    ],
    [
      1265.0,
      1252.0
    ],
    [
      1265.3333333333335,
      1298.6666666666665
    ]
  ],
  "cadsa": [
    [
      1331.0,
      1326.0
    ],
    [
      1296.3333333333335,
      1332.3333333333335
    ],
    [
      1360.6666666666665,
      1286.6666666666665
    ],
    [
      1394.0,
      1350.0
    ],
    [
      1414.3333333333335,
      1384.6666666666665
    ]
  ],
  "dsa_mst": [
    [
      1301.0,
      1281.0
    ],
    [
      1296.3333333333335,
      1286.3333333333335
    ],
    [
      1329.6666666666665,
      1339.6666666666665
    ],
    [
      1346.0,
      1373.0
    ],
    [
      1346.3333333333335,
      1439.6666666666665
    ]
  ],
  "random": [
    [
      1358.0,
      1357.0
    ],
    [
      1455.3333333333335,
      1400.3333333333335
    ],
    [
      1450.6666666666665,
      1435.6666666666665
    ],
    [
      1522.0,
      1417.0
    ],
    [
      1555.3333333333333,
      1507.6666666666665
    ]
  ]
}